review_id,product_id,customer_id,rating,title,review_text,review_date,sentiment,verified_purchase,helpful_votes,images,response,response_responder,response_response_text,response_response_date,source_file,loaded_at
REV-000014,PRD-000016,CUS-00000345,5,Safety first!,"Light, comfortable, and MIPS certified. Ventilation is excellent - no more sweaty head on long rides. The magnetic buckle is genius - so easy to clip and unclip with one hand. Saved my head in a minor fall last week. Don't cheap out on helmets, folks!",2025-03-15,positive,true,189,"[""helmet_side.jpg"", ""helmet_vents.jpg""]",,TechStore Safety,We're so glad the helmet protected you! Safety is our top priority. Thank you for sharing - your review might save someone else's life too. Stay safe out there! 🚴,2025-03-16,product_reviews.json,2026-02-10T22:25:28.068809
REV-000010,PRD-000010,CUS-00000890,1,DOA - Doesn't turn on,Tablet was dead on arrival. Won't turn on even after charging for 24 hours. Very disappointed - this was supposed to be a birthday gift. Now I have to deal with returns during the holiday season. Not happy.,2025-03-12,negative,true,45,[],,TechStore Support,"We sincerely apologize for this terrible experience, especially during the holidays. This is unacceptable. Please contact us immediately at support@techstore.com or call 1-800-TECHSTOR. We'll expedite a replacement with free overnight shipping and include a small gift for the inconvenience.",2025-03-12,product_reviews.json,2026-02-10T22:25:28.068809
REV-000017,PRD-000014,CUS-00000678,4,"Great jeans, runs small","Quality denim, feels premium. Nice dark wash that doesn't fade quickly. However, they run about one size small. I normally wear 32 and had to exchange for 34. Order a size up!",2025-02-12,positive,true,234,[],,TechStore Fashion,Great tip about the sizing! We've updated the product page with a size guide that accounts for this. Thanks for helping other customers!,2025-02-13,product_reviews.json,2026-02-10T22:25:28.068809
REV-000005,PRD-000012,CUS-00000345,3,Too loud for office use,"Great keyboard in terms of feel and build quality, but it's WAY too loud for an office environment. My coworkers have complained. Had to switch back to my membrane keyboard for work. Would be perfect for home use though.",2025-01-15,neutral,true,89,[],,TechStore Team,Thank you for your honest feedback! We also offer a 'Silent' version of this keyboard with dampened switches that's much quieter while maintaining the mechanical feel. Check out the 'Office Series' in our store!,2025-01-16,product_reviews.json,2026-02-10T22:25:28.068809
REV-000024,PRD-000013,CUS-00000444,4,Useful travel companion,Comprehensive guide with good local tips. Maps are clear and the restaurant recommendations were spot-on. Wish it was updated more recently - some info was outdated (a few restaurants had closed). Still a solid resource for trip planning.,2025-02-01,positive,true,43,[],,,,,product_reviews.json,2026-02-10T22:25:28.068809
REV-000029,PRD-000012,CUS-00000999,4,"Great keyboard, RGB could be better","Typing experience is excellent - the Cherry MX switches feel amazing. Build quality is solid metal. My only complaint is the RGB software is clunky and doesn't have as many effects as competitors. But for pure typing, this is hard to beat.",2025-03-18,positive,true,67,"[""kb_rgb.jpg""]",,,,,product_reviews.json,2026-02-10T22:25:28.068809
REV-000004,PRD-000012,CUS-00000234,5,Best keyboard I've ever owned,"As a software developer who types 8+ hours a day, a good keyboard is essential. This mechanical keyboard has transformed my typing experience. The tactile feedback is perfect, the RGB lighting is customizable, and the build quality is exceptional. Worth every penny!",2025-01-10,positive,true,156,"[""kb_setup.jpg""]",,,,,product_reviews.json,2026-02-10T22:25:28.068809
REV-000023,PRD-000005,CUS-00000333,5,Office essential,"As someone who works in a noisy open office, these headphones are a lifesaver. The noise cancellation lets me focus, and the mic quality is great for calls. Battery easily lasts my whole work week. Premium feel and the case is handy for travel.",2025-03-25,positive,true,98,"[""headphones_case.jpg""]",,,,,product_reviews.json,2026-02-10T22:25:28.068809
REV-000028,PRD-000006,CUS-00000888,5,No more buying bottled water,"This filter paid for itself in 2 months. Water tastes clean and fresh. Easy to install under the sink - took maybe 20 minutes. The flow rate is good, no noticeable delay. Highly recommend if you're tired of buying bottled water!",2025-03-10,positive,true,89,[],,,,,product_reviews.json,2026-02-10T22:25:28.068809
REV-000019,PRD-000018,CUS-00000890,2,Fogged up immediately,These goggles fogged up within 5 minutes of getting in the pool. Anti-fog my foot. Had to stop multiple times to clear them. Very frustrating for lap swimming. Will be returning.,2025-03-08,negative,true,89,[],,TechStore Sports,"We're sorry these didn't work for you. Tip: never wipe the inside of the lenses as this removes the anti-fog coating. If you did this by accident, we'd be happy to send a replacement with care instructions. Contact support@techstore.com",2025-03-09,product_reviews.json,2026-02-10T22:25:28.068809
REV-000008,PRD-000005,CUS-00000678,4,Great noise cancellation,"The ANC on these headphones is impressive - completely blocks out airplane noise and office chatter. Sound quality is good, not audiophile-level but more than adequate for most users. Comfortable for long periods. Only downside is the app is a bit clunky.",2025-03-05,positive,true,78,[],,,,,product_reviews.json,2026-02-10T22:25:28.068809
REV-000030,PRD-000009,CUS-00000100,5,Professional quality at home,"I cook a lot and have gone through many cookware sets. This one is on par with what I used in culinary school. Even heating, durable construction, and the nonstick actually works without needing tons of oil. Worth the splurge!",2025-02-14,positive,true,134,"[""cooking1.jpg"", ""cooking2.jpg""]",,,,,product_reviews.json,2026-02-10T22:25:28.068809
REV-000015,PRD-000002,CUS-00000456,3,"Good game, but missing pieces","The game itself is fun and educational - my kids love it. However, when we opened the box, we were missing 3 cards from the deck. Had to contact support for replacements. Game quality is good once we got all the pieces.",2025-01-25,neutral,true,42,[],,TechStore Team,We're sorry about the missing pieces! Quality control should have caught this. Glad our support team could help. We've flagged this batch for inspection. Thank you for your patience!,2025-01-26,product_reviews.json,2026-02-10T22:25:28.068809
REV-000012,PRD-000006,CUS-00000012,5,Water tastes so much better,I didn't realize how bad my tap water tasted until I got this filter. The difference is night and day. Installation was easy - no plumber needed. Filter replacement is simple and the app reminds you when it's time. Highly recommend for anyone with hard water!,2025-01-20,positive,true,67,"[""filter_installed.jpg""]",,,,,product_reviews.json,2026-02-10T22:25:28.068809
REV-000013,PRD-000009,CUS-00000234,4,Good quality cookware,Heavy-duty and well-made. Non-stick coating works great - eggs slide right off. Heats evenly. The handles stay cool which is a nice touch. Took off one star because the lids don't have steam vents.,2025-02-05,positive,true,54,[],,,,,product_reviews.json,2026-02-10T22:25:28.068809
REV-000026,PRD-000010,CUS-00000666,5,Perfect tablet for artists,"As a digital artist, display quality is crucial. This tablet's screen is gorgeous - accurate colors, minimal parallax with the stylus, and smooth performance. The 120Hz display makes drawing feel natural. Replaced my much more expensive competitor tablet with this!",2025-03-01,positive,true,278,"[""artwork1.jpg"", ""artwork2.jpg"", ""setup.jpg""]",,TechStore Creative,"Wow, your artwork is stunning! Would you be interested in being featured in our Creator Spotlight series? DM us on social media if you're interested! 🎨",2025-03-02,product_reviews.json,2026-02-10T22:25:28.068809
REV-000006,PRD-000004,CUS-00000456,4,"Great monitor, minor dead pixel","Picture quality is stunning - 4K really makes a difference for video editing. Colors are accurate out of the box. However, I did notice one dead pixel in the upper left corner. It's barely noticeable during normal use but frustrating for a premium product. Still keeping it because the overall quality is excellent.",2025-03-01,positive,true,34,"[""monitor_setup.jpg""]",,,,,product_reviews.json,2026-02-10T22:25:28.068809
